<?xml version="1.0" encoding="UTF-8"?>
<project version="4">
  <component name="ChangeListManager">
    <list default="true" id="83640f8c-2996-4a87-8f32-13be9589a84d" name="Changes" comment="" />
    <option name="SHOW_DIALOG" value="false" />
    <option name="HIGHLIGHT_CONFLICTS" value="true" />
    <option name="HIGHLIGHT_NON_ACTIVE_CHANGELIST" value="false" />
    <option name="LAST_RESOLUTION" value="IGNORE" />
  </component>
  <component name="ProjectColorInfo"><![CDATA[{
  "associatedIndex": 0
}]]></component>
  <component name="ProjectId" id="2v5nRg9FGSL8JWG6KidMiqpzolW" />
  <component name="ProjectViewState">
    <option name="hideEmptyMiddlePackages" value="true" />
    <option name="showLibraryContents" value="true" />
  </component>
  <component name="PropertiesComponent"><![CDATA[{
  "keyToString": {
    "RunOnceActivity.ShowReadmeOnStart": "true",
    "kotlin-language-version-configured": "true"
  }
}]]></component>
  <component name="SpellCheckerSettings" RuntimeDictionaries="0" Folders="0" CustomDictionaries="0" DefaultDictionary="application-level" UseSingleDictionary="true" transferred="true" />
  <component name="TaskManager">
    <task active="true" id="Default" summary="Default task">
      <changelist id="83640f8c-2996-4a87-8f32-13be9589a84d" name="Changes" comment="" />
      <created>1743443796084</created>
      <option name="number" value="Default" />
      <option name="presentableId" value="Default" />
      <updated>1743443796084</updated>
    </task>
    <servers />
  </component>
</project>